TICKER,ASOF_DATE,YR,QRT_NUM,CASH,RECEIVABLES,INVENTORY,PREPAID,OTHER_CURRENT_ASSETS,TOTAL_CURRENT_ASSETS,PPE,LONG_TERM_INVESTMENTS,GOODWILL_INTANGIBLE_ASSETS,OTHER_LONG_TERM_ASSETS,TOTAL_LONG_TERM_ASSETS,TOTAL_ASSETS,TOTAL_CURRENT_LIABILITIES,LONG_TERM_DEBT,OTHER_NONCURRENT_LIABILITIES,TOTAL_LONG_TERM_LIABILITIES,TOTAL_LIABILITIES,NET_COMMON_STOCK,RETAINED_EARNINGS,COMPREHENSIVE_INCOME,OTHER_SHAREHOLDERS_EQUITY,SHAREHOLDER_EQUITY,TOTAL_LIABILITIES_AND_SHAREHOLDERS_EQUITY,SOURCE_FILE,LOAD_BATCH_ID,LOADED_AT
KO,3/7/2026,2025,Q4,0,0,0,0,0,0,0,0,0,0,0,0,0,0,0,0,0,0,0,0,0,0,0,KO_BAL-SH_QRT.xlsx,KO_BAL-SH_QRT-002,3/7/2026 20:00
KO,3/7/2026,2025,Q3,15781000000,4168000000,5102000000,3129000000,0,31599000000,9306000000,19671000000,32885000000,6592000000,70524000000,92763000000,21439000000,36755000000,8252000000,49544000000,66473000000,1760000000,67009000000,-14601000000,0,19189000000,94013000000,KO_BAL-SH_QRT.xlsx,KO_BAL-SH_QRT-002,3/7/2026 20:00
KO,3/7/2026,2025,Q2,14297000000,4091000000,4728000000,3177000000,0,29462000000,9236000000,19360000000,33486000000,6324000000,70172000000,92471000000,20531000000,37052000000,8607000000,50483000000,65939000000,1760000000,66555000000,-15446000000,0,19834000000,86381000000,KO_BAL-SH_QRT.xlsx,KO_BAL-SH_QRT-002,3/7/2026 20:00
KO,3/7/2026,2025,Q1,13787000000,3569000000,4714000000,3298000000,0,26732000000,8860000000,19420000000,33575000000,6189000000,68332000000,93169000000,18787000000,38116000000,8401000000,50640000000,67661000000,1760000000,66863000000,-16460000000,0,21098000000,87433000000,KO_BAL-SH_QRT.xlsx,KO_BAL-SH_QRT-002,3/7/2026 20:00
KO,3/7/2026,2024,Q4,14571000000,4233000000,4763000000,3338000000,0,27867000000,9706000000,19081000000,33631000000,6130000000,70028000000,94064000000,19950000000,39394000000,8350000000,51175000000,66012000000,1760000000,66888000000,-15696000000,0,20683000000,89996000000,KO_BAL-SH_QRT.xlsx,KO_BAL-SH_QRT-002,3/7/2026 20:00
KO,3/7/2026,2024,Q3,18164000000,4545000000,4961000000,5235000000,0,27591000000,9848000000,18765000000,32946000000,6470000000,71908000000,94354000000,15990000000,39804000000,8558000000,51411000000,76868000000,1760000000,66870000000,-13544000000,0,20295000000,88347000000,KO_BAL-SH_QRT.xlsx,KO_BAL-SH_QRT-002,3/7/2026 20:00
KO,3/7/2026,2024,Q2,18993000000,4244000000,4424000000,4685000000,0,26880000000,9841000000,18305000000,33888000000,6392000000,71809000000,90606000000,15299000000,40170000000,9453000000,49977000000,75500000000,1760000000,65855000000,-13706000000,0,19804000000,83216000000,KO_BAL-SH_QRT.xlsx,KO_BAL-SH_QRT-002,3/7/2026 20:00
KO,3/7/2026,2024,Q1,16919000000,3410000000,4252000000,3281000000,0,22591000000,9243000000,18375000000,34740000000,6731000000,66366000000,90194000000,16486000000,40125000000,8530000000,48652000000,74179000000,1760000000,65481000000,-12981000000,0,19058000000,86877000000,KO_BAL-SH_QRT.xlsx,KO_BAL-SH_QRT-002,3/7/2026 20:00
KO,3/7/2026,2023,Q4,13663000000,3495000000,4646000000,3259000000,0,24139000000,9462000000,18986000000,34613000000,6490000000,67713000000,89993000000,14601000000,39502000000,8954000000,41782000000,65283000000,1760000000,64602000000,-12325000000,0,20178000000,89593000000,KO_BAL-SH_QRT.xlsx,KO_BAL-SH_QRT-002,3/7/2026 20:00
KO,3/7/2026,2023,Q3,15435000000,3970000000,4727000000,3240000000,0,23141000000,9784000000,18416000000,28400000000,6553000000,68061000000,87296000000,26891000000,37729000000,8832000000,38310000000,66750000000,1760000000,63704000000,-12814000000,0,20176000000,93282000000,KO_BAL-SH_QRT.xlsx,KO_BAL-SH_QRT-002,3/7/2026 20:00
KO,3/7/2026,2023,Q2,15694000000,4599000000,4233000000,3217000000,0,22156000000,9920000000,19181000000,28906000000,6494000000,68056000000,97184000000,26848000000,31094000000,8510000000,41650000000,69701000000,1760000000,63234000000,-12070000000,0,21617000000,87896000000,KO_BAL-SH_QRT.xlsx,KO_BAL-SH_QRT-002,3/7/2026 20:00
KO,3/7/2026,2023,Q1,14295000000,3487000000,3708000000,3407000000,0,22545000000,10058000000,19416000000,28790000000,6184000000,66774000000,94689000000,32397000000,27516000000,8057000000,40319000000,68543000000,1760000000,64028000000,-11774000000,0,18977000000,90515000000,KO_BAL-SH_QRT.xlsx,KO_BAL-SH_QRT-002,3/7/2026 20:00
KO,3/7/2026,2022,Q4,11631000000,3994000000,3621000000,3418000000,0,24240000000,10547000000,19772000000,28550000000,6161000000,65318000000,94013000000,26973000000,31012000000,8336000000,40600000000,64158000000,1760000000,63808000000,-10038000000,0,22152000000,91146000000,KO_BAL-SH_QRT.xlsx,KO_BAL-SH_QRT-002,3/7/2026 20:00
KO,3/7/2026,2022,Q3,13220000000,4494000000,3741000000,2994000000,0,22481000000,10673000000,20085000000,27920000000,5875000000,65779000000,86381000000,25100000000,29296000000,8598000000,35376000000,66699000000,1760000000,63150000000,-10305000000,0,22089000000,91201000000,KO_BAL-SH_QRT.xlsx,KO_BAL-SH_QRT-002,3/7/2026 20:00
KO,3/7/2026,2022,Q2,11619000000,4641000000,3414000000,2300000000,0,21932000000,10777000000,19587000000,27447000000,6001000000,65970000000,87433000000,29382000000,29400000000,7646000000,35269000000,69417000000,1760000000,60430000000,-9843000000,0,23067000000,87270000000,KO_BAL-SH_QRT.xlsx,KO_BAL-SH_QRT-002,3/7/2026 20:00
KO,3/7/2026,2022,Q1,10356000000,3512000000,3182000000,2122000000,0,19240000000,10667000000,18935000000,27838000000,6075000000,64316000000,89996000000,27943000000,25376000000,7246000000,38019000000,71665000000,1760000000,64759000000,-10489000000,0,23220000000,93927000000,KO_BAL-SH_QRT.xlsx,KO_BAL-SH_QRT-002,3/7/2026 20:00
KO,3/7/2026,2021,Q4,12625000000,3889000000,3281000000,2225000000,0,30410000000,10695000000,18672000000,26766000000,5750000000,65636000000,88347000000,28782000000,25523000000,7367000000,40185000000,68919000000,1760000000,64890000000,-10206000000,0,26245000000,94094000000,KO_BAL-SH_QRT.xlsx,KO_BAL-SH_QRT-002,3/7/2026 20:00
KO,3/7/2026,2021,Q3,14869000000,4036000000,3356000000,1916000000,0,29371000000,10993000000,19879000000,26330000000,5596000000,59807000000,83216000000,31430000000,28063000000,8079000000,41725000000,68363000000,1760000000,65099000000,-11205000000,0,26838000000,91263000000,KO_BAL-SH_QRT.xlsx,KO_BAL-SH_QRT-002,3/7/2026 20:00
KO,3/7/2026,2021,Q2,13042000000,3762000000,3266000000,2191000000,0,28234000000,10838000000,19567000000,26915000000,5382000000,58286000000,86877000000,31398000000,29792000000,8021000000,40730000000,69057000000,1760000000,65502000000,-10209000000,0,25129000000,89996000000,KO_BAL-SH_QRT.xlsx,KO_BAL-SH_QRT-002,3/7/2026 20:00
KO,3/7/2026,2021,Q1,12589000000,3144000000,3264000000,2205000000,0,20411000000,10217000000,20312000000,22744000000,4148000000,53464000000,89593000000,31480000000,31182000000,3946000000,40227000000,68134000000,1760000000,66457000000,-10153000000,0,25764000000,93008000000,KO_BAL-SH_QRT.xlsx,KO_BAL-SH_QRT-002,3/7/2026 20:00
KO,3/7/2026,2020,Q4,10914000000,3827000000,3501000000,2580000000,0,23117000000,10254000000,20198000000,21587000000,4535000000,53569000000,93282000000,27194000000,32471000000,4092000000,39478000000,64050000000,1760000000,66921000000,-10789000000,0,26267000000,93538000000,KO_BAL-SH_QRT.xlsx,KO_BAL-SH_QRT-002,3/7/2026 20:00
KO,3/7/2026,2020,Q3,21128000000,3849000000,3558000000,1886000000,0,24360000000,8866000000,20279000000,16855000000,4401000000,55240000000,87896000000,27633000000,31805000000,4041000000,37518000000,67682000000,1760000000,64985000000,-10174000000,0,28641000000,91016000000,KO_BAL-SH_QRT.xlsx,KO_BAL-SH_QRT-002,3/7/2026 20:00
KO,3/7/2026,2020,Q2,19816000000,4430000000,3379000000,2510000000,0,28540000000,9598000000,21950000000,16862000000,4428000000,51351000000,90515000000,28830000000,31538000000,4081000000,39890000000,67256000000,1760000000,65018000000,-10813000000,0,29078000000,92023000000,KO_BAL-SH_QRT.xlsx,KO_BAL-SH_QRT-002,3/7/2026 20:00
KO,3/7/2026,2020,Q1,17666000000,3971000000,3266000000,2658000000,0,24930000000,7404000000,21619000000,17020000000,4230000000,52111000000,91146000000,28656000000,29684000000,3984000000,37712000000,66134000000,1760000000,65209000000,-8736000000,0,30561000000,96314000000,KO_BAL-SH_QRT.xlsx,KO_BAL-SH_QRT-002,3/7/2026 20:00
KO,3/7/2026,2019,Q4,11175000000,4353000000,3453000000,2935000000,0,33413000000,7688000000,22517000000,16636000000,4480000000,52185000000,91201000000,26532000000,31663000000,3963000000,35147000000,64232000000,1760000000,65196000000,-7069000000,0,33669000000,95489000000,KO_BAL-SH_QRT.xlsx,KO_BAL-SH_QRT-002,3/7/2026 20:00
KO,3/7/2026,2019,Q3,12988000000,4888000000,3178000000,2059000000,0,36024000000,7977000000,21952000000,16564000000,4318000000,50950000000,87270000000,27792000000,29252000000,3820000000,37303000000,66741000000,1760000000,63524000000,-5777000000,0,34301000000,91289000000,KO_BAL-SH_QRT.xlsx,KO_BAL-SH_QRT-002,3/7/2026 20:00
KO,3/7/2026,2019,Q2,13361000000,3852000000,3071000000,2066000000,0,38042000000,8203000000,22761000000,17192000000,4454000000,53260000000,93927000000,29544000000,26990000000,4301000000,35196000000,64897000000,1760000000,63408000000,-3843000000,0,32922000000,90055000000,KO_BAL-SH_QRT.xlsx,KO_BAL-SH_QRT-002,3/7/2026 20:00
KO,3/7/2026,2019,Q1,11948000000,3685000000,2627000000,2543000000,213000000,36545000000,8306000000,22003000000,18767000000,4248000000,55971000000,94094000000,30987000000,28311000000,4194000000,36045000000,61938000000,1760000000,63972000000,-2986000000,0,33440000000,89432000000,KO_BAL-SH_QRT.xlsx,KO_BAL-SH_QRT-002,3/7/2026 20:00
KO,3/7/2026,2018,Q4,16115000000,3702000000,2881000000,2449000000,219000000,38404000000,8672000000,17983000000,21128000000,4526000000,58221000000,91263000000,26929000000,25949000000,4283000000,35815000000,61462000000,1760000000,63194000000,-3594000000,0,32465000000,89511000000,KO_BAL-SH_QRT.xlsx,KO_BAL-SH_QRT-002,3/7/2026 20:00
KO,3/7/2026,2018,Q3,18847000000,4565000000,2937000000,2000000000,1782000000,38961000000,9746000000,17249000000,22246000000,4370000000,54753000000,89996000000,31545000000,25977000000,4296000000,29088000000,62645000000,1760000000,61937000000,-3432000000,0,32631000000,88450000000,KO_BAL-SH_QRT.xlsx,KO_BAL-SH_QRT-002,3/7/2026 20:00
KO,3/7/2026,2018,Q2,19354000000,3904000000,2655000000,2993000000,2057000000,40251000000,10635000000,18027000000,23689000000,4314000000,56601000000,93008000000,28852000000,26087000000,4389000000,29885000000,61188000000,1760000000,61660000000,-4699000000,0,32894000000,86174000000,KO_BAL-SH_QRT.xlsx,KO_BAL-SH_QRT-002,3/7/2026 20:00
KO,3/7/2026,2018,Q1,21373000000,3667000000,2608000000,2866000000,5789000000,34010000000,11172000000,17499000000,24030000000,4110000000,56414000000,93538000000,26123000000,19063000000,3383000000,28559000000,58367000000,1760000000,61187000000,-4083000000,0,33168000000,86654000000,KO_BAL-SH_QRT.xlsx,KO_BAL-SH_QRT-002,3/7/2026 20:00
KO,3/7/2026,2017,Q4,20675000000,3664000000,2790000000,2670000000,2797000000,37956000000,12663000000,13796000000,24132000000,4446000000,60735000000,91016000000,32374000000,20111000000,3447000000,28311000000,56615000000,1760000000,59978000000,-3211000000,0,33590000000,85149000000,KO_BAL-SH_QRT.xlsx,KO_BAL-SH_QRT-002,3/7/2026 20:00
KO,3/7/2026,2017,Q3,27357000000,4024000000,2885000000,2481000000,2463000000,35873000000,12613000000,15788000000,24419000000,4517000000,58897000000,92023000000,32760000000,18643000000,3414000000,28804000000,56967000000,1760000000,58549000000,-3385000000,0,32629000000,83897000000,KO_BAL-SH_QRT.xlsx,KO_BAL-SH_QRT-002,3/7/2026 20:00
KO,3/7/2026,2017,Q2,27224000000,3702000000,2675000000,3091000000,693000000,36510000000,12571000000,14934000000,26080000000,4602000000,59037000000,96314000000,32629000000,18640000000,3498000000,23925000000,56880000000,1760000000,58045000000,-2941000000,0,33218000000,79974000000,KO_BAL-SH_QRT.xlsx,KO_BAL-SH_QRT-002,3/7/2026 20:00
KO,3/7/2026,2017,Q1,25205000000,3856000000,2751000000,3332000000,3786000000,33395000000,12615000000,15773000000,26054000000,4407000000,60862000000,95489000000,30056000000,19154000000,4445000000,24411000000,55556000000,1760000000,57320000000,-3369000000,0,31921000000,81753000000,KO_BAL-SH_QRT.xlsx,KO_BAL-SH_QRT-002,3/7/2026 20:00
KO,3/7/2026,2016,Q4,22201000000,4082000000,3005000000,3314000000,3900000000,36594000000,14365000000,13895000000,26372000000,4850000000,61618000000,91289000000,27811000000,14173000000,4934000000,24454000000,53006000000,1760000000,56159000000,-1775000000,0,33499000000,80090000000,KO_BAL-SH_QRT.xlsx,KO_BAL-SH_QRT-002,3/7/2026 20:00
KO,3/7/2026,2016,Q3,25569000000,4768000000,3052000000,2752000000,3853000000,32803000000,14346000000,13625000000,26955000000,4805000000,60237000000,90055000000,33042000000,14179000000,4949000000,25185000000,53064000000,880000000,54520000000,-2774000000,0,35424000000,76058000000,KO_BAL-SH_QRT.xlsx,KO_BAL-SH_QRT-002,3/7/2026 20:00
KO,3/7/2026,2016,Q2,24075000000,4147000000,2902000000,3029000000,497000000,32119000000,14633000000,14319000000,27437000000,4655000000,58751000000,89432000000,32469000000,14291000000,5468000000,26056000000,52520000000,880000000,53621000000,-1174000000,0,32596000000,72921000000,KO_BAL-SH_QRT.xlsx,KO_BAL-SH_QRT-002,3/7/2026 20:00
KO,3/7/2026,2016,Q1,22211000000,3941000000,2910000000,3159000000,785000000,32986000000,14738000000,14458000000,27595000000,4661000000,57856000000,89511000000,31102000000,14736000000,4678000000,26038000000,50679000000,1760000000,52965000000,287000000,0,31317000000,54089000000,KO_BAL-SH_QRT.xlsx,KO_BAL-SH_QRT-002,3/7/2026 20:00
KO,3/7/2026,2015,Q4,19900000000,4028000000,3224000000,3605000000,679000000,35452000000,14918000000,13127000000,27611000000,4270000000,56939000000,88450000000,27821000000,16181000000,4658000000,25833000000,48053000000,880000000,51816000000,-535000000,0,28201000000,48444000000,KO_BAL-SH_QRT.xlsx,KO_BAL-SH_QRT-002,3/7/2026 20:00
KO,3/7/2026,2015,Q3,22774000000,4976000000,3219000000,3066000000,103000000,33871000000,14860000000,11512000000,27503000000,3855000000,56931000000,86174000000,27008000000,16390000000,4663000000,23770000000,48254000000,880000000,50097000000,-247000,0,25808000000,47403000000,KO_BAL-SH_QRT.xlsx,KO_BAL-SH_QRT-002,3/7/2026 20:00
KO,3/7/2026,2015,Q2,20947000000,4461000000,3100000000,3277000000,0,31052000000,14967000000,11535000000,27706000000,3922000000,55846000000,86654000000,26482000000,16351000000,5420000000,22673000000,44666000000,880000000,49278000000,-1381000000,0,25157000000,48671000000,KO_BAL-SH_QRT.xlsx,KO_BAL-SH_QRT-002,3/7/2026 20:00
KO,3/7/2026,2015,Q1,20049000000,4466000000,3277000000,2856000000,0,31304000000,14548000000,10829000000,27389000000,3585000000,56942000000,85149000000,24846000000,13656000000,4404000000,20472000000,43462000000,880000000,44541000000,-2298000000,0,25346000000,47107000000,KO_BAL-SH_QRT.xlsx,KO_BAL-SH_QRT-002,3/7/2026 20:00
KO,3/7/2026,2014,Q4,21675000000,5081000000,3536000000,3029000000,0,31576000000,14549000000,11077000000,27337000000,3629000000,55824000000,83897000000,24283000000,13708000000,4393000000,21539000000,41604000000,880000000,43490000000,-1445000000,0,24422000000,46054000000,KO_BAL-SH_QRT.xlsx,KO_BAL-SH_QRT-002,3/7/2026 20:00
KO,3/7/2026,2014,Q3,23714000000,5870000000,3357000000,2886000000,0,32572000000,14543000000,10448000000,27775000000,3663000000,55874000000,79974000000,25581000000,11373000000,4437000000,9058122000,25888000000,880000000,42136000000,-757000000,0,23517000000,43103000000,KO_BAL-SH_QRT.xlsx,KO_BAL-SH_QRT-002,3/7/2026 20:00
KO,3/7/2026,2014,Q2,21609000000,5233000000,3277000000,2680000000,1145000000,31519000000,14476000000,10150000000,20013000000,3770000000,54477000000,81753000000,24194000000,12681000000,4794000000,8617000000,22636000000,880000000,41537000000,-1753000000,0,21108000000,40519000000,KO_BAL-SH_QRT.xlsx,KO_BAL-SH_QRT-002,3/7/2026 20:00
KO,3/7/2026,2014,Q1,19433000000,4873000000,3321000000,3055000000,1183000000,30328000000,15388000000,16974000000,27893000000,3495000000,53562000000,80090000000,21923000000,3122100,2777000000,8702000000,22246000000,880000000,40944000000,-1740000000,0,20862000000,48180000000,KO_BAL-SH_QRT.xlsx,KO_BAL-SH_QRT-002,3/7/2026 20:00
KO,3/7/2026,2013,Q4,20268000000,5116000000,3643000000,3294000000,2973000000,29712000000,15174000000,8911000000,27669000000,3219000000,53551000000,76058000000,18508000000,4456000000,2719000000,8663000000,23325000000,880000000,39999000000,-2893000000,0,23745000000,47731000000,KO_BAL-SH_QRT.xlsx,KO_BAL-SH_QRT-002,3/7/2026 20:00
KO,3/7/2026,2013,Q3,20459000000,5516000000,3607000000,2781000000,0,29325000000,15300000000,8374000000,27484000000,2701000000,52516000000,72921000000,17271000000,4427000000,2763000000,9604000000,22685000000,880000000,38911000000,-2674000000,0,23182000000,47004000000,KO_BAL-SH_QRT.xlsx,KO_BAL-SH_QRT-002,3/7/2026 20:00
KO,3/7/2026,2013,Q2,19213000000,5007000000,3264000000,3099000000,0,28023000000,14939000000,8337000000,19861000000,2740000000,31946370000,54089000000,13934000000,4419000000,2965000000,9275000000,22537000000,880000000,38513000000,759000000,0,23032000000,43269000000,KO_BAL-SH_QRT.xlsx,KO_BAL-SH_QRT-002,3/7/2026 20:00
KO,3/7/2026,2013,Q1,18428000000,4759000000,3447000000,3375000000,0,25497000000,14522000000,16056000000,19795000000,2121000000,30984000000,48444000000,13583000000,5059000000,3124000000,8970000000,21995000000,880000000,38397000000,1352000000,0,21744000000,41670000000,KO_BAL-SH_QRT.xlsx,KO_BAL-SH_QRT-002,3/7/2026 20:00
KO,3/7/2026,2012,Q4,16551000000,5083000000,3587000000,3988000000,0,28191000000,14933000000,15147000000,2365200,2100000000,29870000000,47403000000,13721000000,5028000000,3051000000,8826000000,19657000000,880000000,37386000000,1199000000,0,19669000000,39989000000,KO_BAL-SH_QRT.xlsx,KO_BAL-SH_QRT-002,3/7/2026 20:00
KO,3/7/2026,2012,Q3,18083000000,5397000000,3442000000,3450000000,0,26539000000,14834000000,15096000000,12259000000,2092000000,30195000000,48671000000,13410000000,5017000000,2944000000,6669000000,24435000000,880000000,36843000000,626000000,0,18972000000,33120000000,KO_BAL-SH_QRT.xlsx,KO_BAL-SH_QRT-002,3/7/2026 20:00
KO,3/7/2026,2012,Q2,16966000000,4814000000,3092000000,3391000000,0,23542000000,14727000000,7480000000,12109000000,2095000000,31120000000,47107000000,13567000000,5017000000,3011000000,7848000000,24549000000,880000000,36235000000,-470000000,0,17211000000,29963000000,KO_BAL-SH_QRT.xlsx,KO_BAL-SH_QRT-002,3/7/2026 20:00
KO,3/7/2026,2012,Q1,15779000000,4920000000,3172000000,3655000000,0,21579000000,9145000000,6738000000,12315000000,1976000000,30115000000,46054000000,13169000000,2781000000,2803000000,7929000000,23972000000,880000000,35809000000,-473000000,0,16920000000,31303000000,KO_BAL-SH_QRT.xlsx,KO_BAL-SH_QRT-002,3/7/2026 20:00
KO,3/7/2026,2011,Q4,14035000000,5131000000,3237000000,3699000000,0,23105000000,8931000000,6749000000,10875000000,1910000000,29682000000,43103000000,12988000000,2877000000,3267000000,8384000000,21525000000,880000000,34941000000,-897000000,0,18000000000,30350000000,KO_BAL-SH_QRT.xlsx,KO_BAL-SH_QRT-002,3/7/2026 20:00
KO,3/7/2026,2011,Q3,16497000000,5630000000,3033000000,3162000000,613000000,18574000000,9036000000,8708000000,12625000000,1859000000,28389000000,40519000000,16587000000,2874000000,3287000000,8300000000,22001000000,880000000,33877000000,-1291000000,0,17122000000,29811000000,KO_BAL-SH_QRT.xlsx,KO_BAL-SH_QRT-002,3/7/2026 20:00
KO,3/7/2026,2011,Q2,14017000000,4533000000,2650000000,3248000000,0,17208000000,9561000000,6481000000,12627000000,1793000000,28343000000,48180000000,16620000000,3259000000,3133000000,6435000000,21017000000,878000000,33468000000,-1307000000,0,16406000000,29427000000,KO_BAL-SH_QRT.xlsx,KO_BAL-SH_QRT-002,3/7/2026 20:00
KO,3/7/2026,2011,Q1,12277000000,4430000000,2259000000,2044000000,0,17551000000,9099000000,6292000000,12414000000,1733000000,31360000000,47731000000,15588000000,3277000000,3438000000,5769000000,15909000000,878000000,33514000000,-1377000000,0,16355000000,29883000000,KO_BAL-SH_QRT.xlsx,KO_BAL-SH_QRT-002,3/7/2026 20:00
KO,3/7/2026,2010,Q4,11337000000,3720000000,2363000000,2382000000,0,16992000000,8904000000,5757000000,12505000000,2625000000,31642000000,47004000000,13225000000,1594000000,2863000000,4657000000,13043000000,877000000,32780000000,-1577000000,0,16526000000,29678000000,KO_BAL-SH_QRT.xlsx,KO_BAL-SH_QRT-002,3/7/2026 20:00
KO,3/7/2026,2010,Q3,13265000000,4001000000,2327000000,2226000000,0,16372000000,8425000000,5779000000,12787000000,2634000000,32116000000,43269000000,15566000000,1599000000,2687000000,4153000000,13303000000,877000000,31672000000,-1669000000,0,16343000000,31614000000,KO_BAL-SH_QRT.xlsx,KO_BAL-SH_QRT-002,3/7/2026 20:00
KO,3/7/2026,2010,Q2,10166000000,3705000000,2354000000,2061000000,0,14714000000,8326000000,7421000000,12929000000,2702000000,31164000000,41670000000,15248000000,1454000000,2231000000,4069000000,13228000000,877000000,31299000000,-1589000000,0,16511000000,31441000000,KO_BAL-SH_QRT.xlsx,KO_BAL-SH_QRT-002,3/7/2026 20:00
KO,3/7/2026,2010,Q1,8794000000,3758000000,2341000000,2198000000,0,12176000000,8527000000,7367000000,12617000000,2675000000,29575000000,39989000000,11252000000,1314000000,2095000000,3416000000,13405000000,877000000,31100000000,-1546000000,0,15935000000,29300000000,KO_BAL-SH_QRT.xlsx,KO_BAL-SH_QRT-002,3/7/2026 20:00
KO,3/7/2026,2009,Q4,9213000000,3465000000,2483000000,2198000000,0,16820000000,8712000000,8122000000,12219000000,2634000000,28077000000,33120000000,8890000000,1242000000,1786000000,3290000000,13072000000,876000000,30485000000,-1209000000,0,14954000000,29845000000,KO_BAL-SH_QRT.xlsx,KO_BAL-SH_QRT-002,3/7/2026 20:00
KO,3/7/2026,2009,Q3,9125000000,3746000000,2298000000,1920000000,0,16089000000,8675000000,7777000000,11832000000,2656000000,22633000000,29963000000,9234000000,1140000000,1731000000,3236000000,13357000000,875000000,29432000000,-1348000000,0,15003000000,29167000000,KO_BAL-SH_QRT.xlsx,KO_BAL-SH_QRT-002,3/7/2026 20:00
KO,3/7/2026,2009,Q2,7945000000,3139000000,2187000000,2741000000,0,14888000000,8493000000,7106000000,11010000000,2796000000,21522000000,31303000000,9812000000,1152000000,1730000000,4401000000,13335000000,875000000,29105000000,-1963000000,0,14662000000,27342000000,KO_BAL-SH_QRT.xlsx,KO_BAL-SH_QRT-002,3/7/2026 20:00
KO,3/7/2026,2009,Q1,7079000000,3090000000,2321000000,2628000000,0,12105000000,8003000000,6832000000,5997000000,2701000000,21943000000,30350000000,10115000000,1154000000,2743000000,4505000000,15103000000,875000000,28509000000,-1944000000,0,14090000000,27407000000,KO_BAL-SH_QRT.xlsx,KO_BAL-SH_QRT-002,3/7/2026 20:00
KO,3/7/2026,2008,Q4,4979000000,3674000000,2531000000,2521000000,0,12095000000,7579000000,6507000000,5135000000,2719000000,20297000000,29811000000,9836000000,1121000000,2835000000,4467000000,15506000000,875000000,28180000000,-1619000000,0,13525000000,27949000000,KO_BAL-SH_QRT.xlsx,KO_BAL-SH_QRT-002,3/7/2026 20:00
KO,3/7/2026,2008,Q3,8084000000,4073000000,2447000000,2260000000,0,11912000000,7333000000,6783000000,5101000000,2704000000,19701000000,29427000000,8956000000,1110000000,2841000000,4373000000,14346000000,875000000,27203000000,-1995000000,0,13534000000,26322000000,KO_BAL-SH_QRT.xlsx,KO_BAL-SH_QRT-002,3/7/2026 20:00
KO,3/7/2026,2008,Q2,6857000000,3500000000,2220000000,2120000000,0,10487000000,6903000000,7395000000,4203000000,2686000000,19222000000,29883000000,8830000000,1141000000,2814000000,4133000000,14842000000,874000000,26687000000,-2574000000,0,12135000000,24406000000,KO_BAL-SH_QRT.xlsx,KO_BAL-SH_QRT-002,3/7/2026 20:00
KO,3/7/2026,2008,Q1,6420000000,3317000000,2048000000,1970000000,0,8441000000,6728000000,7136000000,4113000000,2648000000,19363000000,29678000000,10636000000,1157000000,2628000000,4764000000,14505000000,874000000,26300000000,-2199000000,0,11800000000,25300000000,KO_BAL-SH_QRT.xlsx,KO_BAL-SH_QRT-002,3/7/2026 20:00
KO,3/7/2026,2007,Q4,4308000000,3116000000,2086000000,2014000000,0,9360000000,6254000000,6966000000,3821000000,2740000000,19085000000,31614000000,11133000000,1188000000,2643000000,5537000000,13252000000,873000000,25617000000,-2811000000,0,11612000000,25287000000,KO_BAL-SH_QRT.xlsx,KO_BAL-SH_QRT-002,3/7/2026 20:00
KO,3/7/2026,2007,Q3,4811000000,3315000000,1909000000,1623000000,0,10053000000,5936000000,6922000000,3887000000,2774000000,19328000000,31441000000,10213000000,1796000000,2573000000,5366000000,13882000000,873000000,24799000000,-3047000000,0,11351000000,23689000000,KO_BAL-SH_QRT.xlsx,KO_BAL-SH_QRT-002,3/7/2026 20:00
KO,3/7/2026,2007,Q2,4541000000,2781000000,1641000000,1756000000,0,10110000000,5831000000,6859000000,3771000000,2979000000,19160000000,29300000000,10078000000,2614000000,2512000000,5291000000,14415000000,873000000,24506000000,-3020000000,0,10528000000,22417000000,KO_BAL-SH_QRT.xlsx,KO_BAL-SH_QRT-002,3/7/2026 20:00
KO,3/7/2026,2007,Q1,3783000000,2587000000,1592000000,1706000000,0,10205000000,5877000000,6710000000,3842000000,2981000000,18880000000,29845000000,8968000000,2517000000,2415000000,5334000000,14187000000,873000000,24279000000,-2792000000,0,11366000000,22665000000,KO_BAL-SH_QRT.xlsx,KO_BAL-SH_QRT-002,3/7/2026 20:00
KO,3/7/2026,2006,Q4,2590000000,2489000000,1624000000,1832000000,0,10520000000,5830000000,6444000000,3836000000,3101000000,19333000000,29167000000,7886000000,2479000000,2488000000,5536000000,12606000000,874000000,23614000000,-2871000000,0,11084000000,22387000000,KO_BAL-SH_QRT.xlsx,KO_BAL-SH_QRT-002,3/7/2026 20:00
KO,3/7/2026,2006,Q3,3523000000,2593000000,1549000000,1778000000,0,10593000000,6063000000,6252000000,3718000000,3186000000,19540000000,27342000000,8591000000,2550000000,2411000000,5265000000,13688000000,874000000,22821000000,-2788000000,0,10407000000,22248000000,KO_BAL-SH_QRT.xlsx,KO_BAL-SH_QRT-002,3/7/2026 20:00
KO,3/7/2026,2006,Q2,4130000000,2237000000,1379000000,1810000000,0,12286000000,6091000000,5890000000,4084000000,3281000000,18946000000,27407000000,9081000000,2760000000,2260000000,5577000000,13936000000,873000000,23443000000,-2626000000,0,10000000000,20834000000,KO_BAL-SH_QRT.xlsx,KO_BAL-SH_QRT-002,3/7/2026 20:00
KO,3/7/2026,2006,Q1,4492000000,2281000000,1431000000,1757000000,0,12281000000,6171000000,5757000000,4140000000,3322000000,18363000000,27949000000,8651000000,2701000000,2199000000,5073000000,13161000000,873000000,22976000000,-2719000000,0,9316000000,23141000000,KO_BAL-SH_QRT.xlsx,KO_BAL-SH_QRT-002,3/7/2026 20:00
KO,3/7/2026,2005,Q4,4767000000,2217000000,1476000000,1634000000,0,10420000000,6306000000,5675000000,3989000000,2953000000,18724000000,26322000000,7341000000,2835000000,1759000000,4764000000,11051000000,873000000,22351000000,-2456000000,0,9848000000,23258000000,KO_BAL-SH_QRT.xlsx,KO_BAL-SH_QRT-002,3/7/2026 20:00
KO,3/7/2026,2005,Q3,5062000000,2349000000,1511000000,1849000000,0,10512000000,6444000000,5538000000,3955000000,2978000000,17919000000,24406000000,8111000000,2774000000,1624000000,2622000000,11581000000,872000000,21679000000,-2722000000,-2059000000,9184000000,22223000000,KO_BAL-SH_QRT.xlsx,KO_BAL-SH_QRT-002,3/7/2026 20:00
KO,3/7/2026,2005,Q2,5011000000,2115000000,1420000000,1501000000,0,9627000000,6097000000,5391000000,4074000000,2993000000,17054000000,25300000000,8863000000,2478000000,961000000,2813000000,11980000000,871000000,21265000000,0,-1965000000,8902000000,21623000000,KO_BAL-SH_QRT.xlsx,KO_BAL-SH_QRT-002,3/7/2026 20:00
KO,3/7/2026,2005,Q1,7026000000,2244000000,1414000000,1700000000,0,8396000000,6064000000,5413000000,3851000000,2694000000,17052000000,25287000000,8397000000,1219000000,1043000000,2810000000,12248000000,870000000,21446000000,0,-1680000000,9513000000,21746000000,KO_BAL-SH_QRT.xlsx,KO_BAL-SH_QRT-002,3/7/2026 20:00
KO,3/7/2026,2004,Q4,6768000000,1985000000,1491000000,1785000000,0,9044000000,6259000000,4948000000,3458000000,3059000000,16737000000,23689000000,8429000000,1399000000,1015000000,2757000000,11518000000,869000000,20799000000,0,-1551000000,9468000000,21217000000,KO_BAL-SH_QRT.xlsx,KO_BAL-SH_QRT-002,3/7/2026 20:00
KO,3/7/2026,2004,Q3,5520000000,2140000000,1391000000,1571000000,0,9225000000,6127000000,4991000000,3524000000,3038000000,15940000000,22417000000,8768000000,1356000000,1006000000,2197000000,13293000000,868000000,20295000000,0,-1935000000,9073000000,19482000000,KO_BAL-SH_QRT.xlsx,KO_BAL-SH_QRT-002,3/7/2026 20:00
KO,3/7/2026,2004,Q2,5181000000,2019000000,1252000000,1762000000,0,8403000000,5911000000,4782000000,3429000000,2847000000,15246000000,22665000000,9170000000,1359000000,1004000000,2202000000,14074000000,868000000,20773000000,0,-1913000000,8488000000,19145000000,KO_BAL-SH_QRT.xlsx,KO_BAL-SH_QRT-002,3/7/2026 20:00
KO,3/7/2026,2004,Q1,4432000000,2091000000,1293000000,1866000000,0,7352000000,5687000000,4804000000,3258000000,2792000000,15000000000,22387000000,9491000000,835000000,851000000,2237000000,13321000000,867000000,21214000000,0,-1895000000,8403000000,17871000000,KO_BAL-SH_QRT.xlsx,KO_BAL-SH_QRT-002,3/7/2026 20:00
KO,3/7/2026,2003,Q4,3482000000,2142000000,1458000000,1759000000,0,8248000000,5466000000,4577000000,2579000000,0,14343000000,22248000000,9321000000,895000000,884000000,2194000000,12110000000,866000000,20822000000,0,-1434000000,7861000000,18256000000,KO_BAL-SH_QRT.xlsx,KO_BAL-SH_QRT-002,3/7/2026 20:00
KO,3/7/2026,2003,Q3,3847000000,2341000000,1363000000,1616000000,0,8550000000,5258000000,5422000000,2223000000,0,14485000000,20834000000,11091000000,852000000,850000000,2254000000,12278000000,866000000,20274000000,0,-1588000000,7985000000,17299000000,KO_BAL-SH_QRT.xlsx,KO_BAL-SH_QRT-002,3/7/2026 20:00
KO,3/7/2026,2003,Q2,3560000000,2088000000,1294000000,1985000000,0,7749000000,4453000000,8287000000,2074000000,0,14214000000,23141000000,11837000000,853000000,902000000,2592000000,12144000000,866000000,19922000000,0,-1460000000,7639000000,16940000000,KO_BAL-SH_QRT.xlsx,KO_BAL-SH_QRT-002,3/7/2026 20:00
KO,3/7/2026,2003,Q1,3193000000,2097000000,1287000000,1995000000,0,7171000000,4490000000,8128000000,1914000000,0,17646000000,23258000000,11127000000,854000000,881000000,2602000000,10994000000,865000000,19694000000,0,-1335000000,7311000000,17402000000,KO_BAL-SH_QRT.xlsx,KO_BAL-SH_QRT-002,3/7/2026 20:00
KO,3/7/2026,2002,Q4,2345000000,2183000000,1385000000,2117000000,0,7665000000,4141000000,8381000000,1917000000,0,17563000000,22223000000,9856000000,1108000000,932000000,2161000000,10742000000,864000000,19177000000,0,-1364000000,7281000000,18323000000,KO_BAL-SH_QRT.xlsx,KO_BAL-SH_QRT-002,3/7/2026 20:00
KO,3/7/2026,2002,Q3,2793000000,2334000000,1254000000,2300000000,0,8044000000,4190000000,8129000000,1953000000,0,17145000000,21623000000,9686000000,1104000000,912000000,2102000000,10010000000,863000000,18356000000,0,-909000000,7264000000,16359000000,KO_BAL-SH_QRT.xlsx,KO_BAL-SH_QRT-002,3/7/2026 20:00
KO,3/7/2026,2002,Q2,2836000000,1981000000,1055000000,2151000000,0,7763000000,4168000000,8909000000,1953000000,0,17347000000,21746000000,9542000000,694000000,991000000,2170000000,10271000000,862000000,17869000000,0,-766000000,6581000000,16161000000,KO_BAL-SH_QRT.xlsx,KO_BAL-SH_QRT-002,3/7/2026 20:00
KO,3/7/2026,2002,Q1,2397000000,1882000000,1140000000,2325000000,0,6620000000,6784000000,8913000000,1959000000,0,17874000000,21217000000,8833000000,687000000,942000000,2266000000,9660000000,861000000,17396000000,0,-603000000,6156000000,15874000000,KO_BAL-SH_QRT.xlsx,KO_BAL-SH_QRT-002,3/7/2026 20:00
KO,3/7/2026,2001,Q4,1934000000,1807000000,1196000000,2216000000,0,7999000000,6697000000,8577000000,1960000000,0,16256000000,19482000000,8640000000,688000000,1033000000,2160000000,9629000000,860000000,16735000000,0,-567000000,6235000000,16523000000,KO_BAL-SH_QRT.xlsx,KO_BAL-SH_QRT-002,3/7/2026 20:00
KO,3/7/2026,2001,Q3,2567000000,1857000000,1120000000,1905000000,1990000000,8110000000,6609000000,8916000000,1992000000,0,15321000000,19145000000,7840000000,686000000,982000000,2250000000,10121000000,860000000,15764000000,0,-501000000,5936000000,15627000000,KO_BAL-SH_QRT.xlsx,KO_BAL-SH_QRT-002,3/7/2026 20:00
KO,3/7/2026,2001,Q2,2666000000,1749000000,1066000000,0,2095000000,7425000000,6471000000,9191000000,802000000,0,14781000000,17871000000,8005000000,689000000,1001000000,2790000000,11059000000,859000000,15127000000,0,-437000000,5540000000,15041000000,KO_BAL-SH_QRT.xlsx,KO_BAL-SH_QRT-002,3/7/2026 20:00
KO,3/7/2026,2001,Q1,2678000000,1757000000,1101000000,0,2023000000,6480000000,6691000000,9015000000,762000000,0,13932000000,18256000000,7500000000,801000000,1429000000,2719000000,9778000000,858000000,14671000000,0,-388000000,5392000000,15094000000,KO_BAL-SH_QRT.xlsx,KO_BAL-SH_QRT-002,3/7/2026 20:00
KO,3/7/2026,2000,Q4,1892000000,1802000000,1194000000,0,1794000000,6124000000,6439000000,8331000000,547000000,0,13315000000,17299000000,7379000000,947000000,1445000000,2468000000,10005000000,857000000,14020000000,0,-410000000,5267000000,15145000000,KO_BAL-SH_QRT.xlsx,KO_BAL-SH_QRT-002,3/7/2026 20:00
KO,3/7/2026,2000,Q3,3106000000,1752000000,1223000000,0,1734000000,7124000000,6228000000,8549000000,613000000,0,13209000000,16940000000,7331000000,952000000,1300000000,2599000000,9639000000,857000000,13282000000,0,-424000000,5297000000,13971000000,KO_BAL-SH_QRT.xlsx,KO_BAL-SH_QRT-002,3/7/2026 20:00
KO,3/7/2026,2000,Q2,3069000000,1495000000,1076000000,0,1910000000,6252000000,5685000000,7696000000,615000000,0,12999000000,17402000000,8340000000,949000000,1182000000,2511000000,10587000000,856000000,12882000000,0,-377000000,5134000000,13873000000,KO_BAL-SH_QRT.xlsx,KO_BAL-SH_QRT-002,3/7/2026 20:00
KO,3/7/2026,2000,Q1,2684000000,1798000000,882000000,0,1966000000,6380000000,5623000000,7255000000,755000000,457000000,12771000000,18323000000,7310000000,1116000000,1163000000,2447000000,10087000000,428000000,12507000000,0,-338000000,5235000000,13950000000,KO_BAL-SH_QRT.xlsx,KO_BAL-SH_QRT-002,3/7/2026 20:00
KO,3/7/2026,1999,Q4,1812000000,1871000000,937000000,0,2017000000,5996000000,5445000000,6831000000,727000000,0,12860000000,16359000000,7406000000,1136000000,1091000000,2342000000,9649000000,428000000,11994000000,0,-298000000,5605000000,13401000000,KO_BAL-SH_QRT.xlsx,KO_BAL-SH_QRT-002,3/7/2026 20:00
KO,3/7/2026,1999,Q3,1637000000,1913000000,931000000,0,1673000000,6930000000,5623000000,6044000000,706000000,641000000,12089000000,16161000000,7128000000,1144000000,1013000000,2301000000,9827000000,427000000,11361000000,0,-235000000,5216000000,12409000000,KO_BAL-SH_QRT.xlsx,KO_BAL-SH_QRT-002,3/7/2026 20:00
KO,3/7/2026,1999,Q2,2364000000,1601000000,890000000,0,2152000000,6136000000,5771000000,6253000000,814000000,0,12282000000,15874000000,8140000000,1149000000,966000000,2012000000,9848000000,427000000,11006000000,0,-291000000,4816000000,12021000000,KO_BAL-SH_QRT.xlsx,KO_BAL-SH_QRT-002,3/7/2026 20:00
KO,3/7/2026,1999,Q1,1754000000,1666000000,900000000,0,1602000000,5969000000,5812000000,5511000000,818000000,737000000,11646000000,16523000000,7745000000,1141000000,953000000,1955000000,8837000000,427000000,10688000000,0,-396000000,4584000000,11665000000,KO_BAL-SH_QRT.xlsx,KO_BAL-SH_QRT-002,3/7/2026 20:00
KO,3/7/2026,1998,Q4,1807000000,1594000000,919000000,0,1528000000,6679000000,5894000000,5582000000,753000000,374000000,12336000000,15627000000,7348000000,880000000,918000000,2236000000,8638000000,427000000,10231000000,0,-505000000,4494000000,11848000000,KO_BAL-SH_QRT.xlsx,KO_BAL-SH_QRT-002,3/7/2026 20:00
KO,3/7/2026,1998,Q3,1829000000,1706000000,949000000,0,1662000000,7583000000,5689000000,5211000000,577000000,355000000,11993000000,15041000000,7815000000,892000000,887000000,2461000000,8345000000,426000000,9726000000,0,-442000000,4258000000,10945000000,KO_BAL-SH_QRT.xlsx,KO_BAL-SH_QRT-002,3/7/2026 20:00
KO,3/7/2026,1998,Q2,2153000000,1580000000,959000000,0,1770000000,6340000000,5581000000,4972000000,1013000000,364000000,11912000000,15094000000,7893000000,1225000000,855000000,2402000000,8185000000,426000000,9458000000,0,-419000000,3962000000,11051930000,KO_BAL-SH_QRT.xlsx,KO_BAL-SH_QRT-002,3/7/2026 20:00
KO,3/7/2026,1998,Q1,2005000000,1639000000,1056000000,0,1355000000,5910000000,5723000000,4124000000,963000000,351000000,11277000000,15145000000,6601000000,1426000000,794000000,2347000000,7593000000,426000000,9223000000,0,-445000000,3888388000,10727270000,KO_BAL-SH_QRT.xlsx,KO_BAL-SH_QRT-002,3/7/2026 20:00
KO,3/7/2026,1997,Q4,1843000000,1758000000,1130000000,0,1659000000,6360000000,6844000000,4023000000,944000000,0,11046000000,13971000000,6177000000,1482000000,743000000,2301000000,7437000000,426000000,8855000000,0,-370842000,4595860000,10881520000,KO_BAL-SH_QRT.xlsx,KO_BAL-SH_QRT-002,3/7/2026 20:00
KO,3/7/2026,1997,Q3,2203000000,1941000000,1051000000,0,1461000000,6570000000,6643000000,3960000000,672000000,263000000,10820000000,13873000000,5943000000,1471000000,731000000,2266000000,7171000000,425000000,8398000000,0,-155620000,4340931000,10064440000,KO_BAL-SH_QRT.xlsx,KO_BAL-SH_QRT-002,3/7/2026 20:00
KO,3/7/2026,1997,Q2,2742000000,1697000000,952000000,0,1252000000,5964000000,6657000000,4093000000,693000000,267000000,10745000000,13950000000,5838000000,1440000000,725000000,2241000000,7590000000,424000000,8165024000,0,-148175000,4103488000,10222430000,KO_BAL-SH_QRT.xlsx,KO_BAL-SH_QRT-002,3/7/2026 20:00
KO,3/7/2026,1997,Q1,2237000000,1641000000,1075000000,0,1281000000,5450000000,6512000000,3560000000,689000000,255000000,10475000000,13401000000,5292000000,1428000000,692000000,1879000000,6983000000,424051000,8377179000,0,-229567000,4238947000,9778841000,KO_BAL-SH_QRT.xlsx,KO_BAL-SH_QRT-002,3/7/2026 20:00
KO,3/7/2026,1996,Q4,1658000000,1511000000,1291000000,0,1323000000,6112000000,6530000000,3538000000,660000000,0,10150000000,12409000000,5171000000,1479000000,680000000,1846000000,7163546000,422950000,8019570000,0,-119818000,4221676000,9237541000,KO_BAL-SH_QRT.xlsx,KO_BAL-SH_QRT-002,3/7/2026 20:00
KO,3/7/2026,1996,Q3,2313000000,2090000000,1190000000,0,1336000000,6370000000,6326000000,3673000000,662000000,270000000,9781000000,12021000000,4930000000,1163000000,663000000,1860324000,6131414000,422664000,7622975000,0,-171799000,3954551000,8730822000,KO_BAL-SH_QRT.xlsx,KO_BAL-SH_QRT-002,3/7/2026 20:00
KO,3/7/2026,1996,Q2,1937000000,1737000000,1117000000,0,1421000000,5337000000,6157000000,3700000000,568000000,264000000,9454000000,11665000000,5711000000,1128000000,658631000,1764845000,6540588000,422428000,7238643000,0,-243736000,3808226000,9278187000,KO_BAL-SH_QRT.xlsx,KO_BAL-SH_QRT-002,3/7/2026 20:00
KO,3/7/2026,1996,Q1,1756000000,1695000000,1203000000,0,1256000000,5205000000,6113000000,3089000000,550000000,226000000,9053000000,11848000000,5137000000,1120064000,514330000,1700344000,5960955000,421838000,7226396000,0,-107873000,3849164000,8904233000,KO_BAL-SH_QRT.xlsx,KO_BAL-SH_QRT-002,3/7/2026 20:00
KO,3/7/2026,1995,Q4,1315000000,1648000000,1327000000,0,1157000000,5592000000,6027000000,3054000000,549000000,0,8788000000,10945000000,5303222000,1001920000,517329000,1699981000,5950268000,421575000,6930012000,0,-63729000,3935066000,8658099000,KO_BAL-SH_QRT.xlsx,KO_BAL-SH_QRT-002,3/7/2026 20:00
KO,3/7/2026,1995,Q3,1925000000,1822000000,1188000000,0,1244000000,5293000000,5764000000,3083000000,439000000,97000000,8565000000,11051930000,4366569000,959645000,510377000,1679050000,5557165000,421333000,6607708000,0,-23173000,3603003000,8467177000,KO_BAL-SH_QRT.xlsx,KO_BAL-SH_QRT-002,3/7/2026 20:00
KO,3/7/2026,1995,Q2,1800000000,1461000000,1047000000,0,1277000000,4568000000,5596000000,3063000000,436000000,89000000,8520871000,10727270000,4840244000,965206000,493765000,1702187000,5282990000,420500000,6447576000,0,-96620000,3351284000,8282536000,KO_BAL-SH_QRT.xlsx,KO_BAL-SH_QRT-002,3/7/2026 20:00
KO,3/7/2026,1995,Q1,1432000000,1470000000,1116000000,0,1160000000,4434000000,5551000000,2710000000,411000000,731598000,8256306000,10881520000,4260974000,985258000,446004000,1403365000,4922596000,420244000,6290308000,0,-91321000,3485485000,8903566000,KO_BAL-SH_QRT.xlsx,KO_BAL-SH_QRT-002,3/7/2026 20:00
KO,3/7/2026,1994,Q4,1531000000,1375000000,1166000000,0,1097000000,4452000000,5545000000,2733000000,383304000,665203000,7878664000,10064440000,4255173000,1036599000,399787000,1406079000,5429023000,419914000,6034461000,0,-53098000,3114681000,7979546000,KO_BAL-SH_QRT.xlsx,KO_BAL-SH_QRT-002,3/7/2026 20:00
KO,3/7/2026,1994,Q3,1857000000,1494000000,1071000000,0,1034000000,4876000000,5332000000,2163094000,397570000,618804000,7387066000,10189210000,3854978000,760272000,392626000,1132532000,4969167000,419831000,5761922000,0,-109008000,3178244000,7528613000,KO_BAL-SH_QRT.xlsx,KO_BAL-SH_QRT-002,3/7/2026 20:00
KO,3/7/2026,1994,Q2,1356000000,1237000000,1049000000,0,1330000000,4135000000,5242875000,2034188000,385635000,522954000,7632938000,9778841000,3879625000,768747000,332060000,1206069000,5055096000,419134000,5618312000,0,-110955000,3238773000,7450612000,KO_BAL-SH_QRT.xlsx,KO_BAL-SH_QRT-002,3/7/2026 20:00
KO,3/7/2026,1994,Q1,1100000000,1210000000,1078000000,0,1128000000,4247677000,5159345000,2029259000,372187000,730606000,7186093000,9237541000,3516517000,535861000,346534000,1160920000,5115893000,418910000,4981242000,0,-80030000,3345302000,7197546000,KO_BAL-SH_QRT.xlsx,KO_BAL-SH_QRT-002,3/7/2026 20:00
KO,3/7/2026,1993,Q4,1078000000,1151000000,1115000000,0,1080432000,4238147000,4844966000,1948841000,303681000,591956000,6822805000,8730822000,4296491000,587670000,328167000,1137208000,4797051000,418340000,4741644000,0,-68477000,3434137000,7330536000,KO_BAL-SH_QRT.xlsx,KO_BAL-SH_QRT-002,3/7/2026 20:00
KO,3/7/2026,1993,Q3,1189000000,1351000000,1071000000,0,1078672000,4704164000,4543084000,2154015000,287633000,555601000,6639784000,9278187000,3763098000,538186000,294590000,1139121000,5788885000,418083000,4519848000,0,-36608000,3240453000,7066690000,KO_BAL-SH_QRT.xlsx,KO_BAL-SH_QRT-002,3/7/2026 20:00
KO,3/7/2026,1993,Q2,1080000000,1072000000,1018621000,0,1110722000,4290739000,4444636000,2095878000,277984000,497055000,6535584000,8904233000,3894176000,538919000,294358000,1178638000,4801302000,417811000,4385142000,0,-4372000,3164758000,8355560000,KO_BAL-SH_QRT.xlsx,KO_BAL-SH_QRT-002,3/7/2026 20:00
KO,3/7/2026,1993,Q1,864000000,1085636000,1051873000,0,1089900000,4144244000,4210626000,2031744000,290029000,450096000,6327321000,8658099000,3978685000,548708000,308728000,1219367000,4289840000,417395000,4261701000,0,-45377000,3187174000,9288588000,KO_BAL-SH_QRT.xlsx,KO_BAL-SH_QRT-002,3/7/2026 20:00
KO,3/7/2026,1992,Q4,1062988000,1189252000,1091051000,0,1069664000,4180411000,3957476000,1996586000,275126000,455884000,6112588000,8467177000,3657930000,585102000,226746000,1223856000,4105310000,416601000,4075642000,0,-5047000,3512007000,9799451000,KO_BAL-SH_QRT.xlsx,KO_BAL-SH_QRT-002,3/7/2026 20:00
KO,3/7/2026,1992,Q3,918350000,1435925000,1107560000,0,909051000,3910256000,3856114000,2024622000,273228000,461023000,5926737000,8282536000,4610247000,713065000,218852000,1236413000,3763409000,416458000,3882882000,0,-78076000,3481180000,9137414000,KO_BAL-SH_QRT.xlsx,KO_BAL-SH_QRT-002,3/7/2026 20:00
KO,3/7/2026,1992,Q2,1066466000,1092526000,987764000,0,764424000,3555800000,3785740000,2025132000,256499000,466563000,5952522000,8903566000,3581935000,737833000,205702000,1144485000,4090083000,416201000,3783625000,0,-75898000,3319636000,8373438000,KO_BAL-SH_QRT.xlsx,KO_BAL-SH_QRT-002,3/7/2026 20:00
KO,3/7/2026,1992,Q1,1000753000,933448000,1014187000,0,739500000,4142778000,3573077000,1941006000,242862000,495401000,6440809000,7979546000,3065984000,761059000,0,1168946000,3901932000,415977000,4029913000,0,-84159000,3514979000,0,KO_BAL-SH_QRT.xlsx,KO_BAL-SH_QRT-002,3/7/2026 20:00
KO,3/7/2026,1991,Q4,1117196000,1018415000,1078325000,0,754800000,3933701000,3454060000,1870408000,231993000,1462026000,5417690000,7528613000,2868897000,898199000,0,1163587000,5418372000,415273000,3864119000,0,-118087000,0,0,KO_BAL-SH_QRT.xlsx,KO_BAL-SH_QRT-002,3/7/2026 20:00
KO,3/7/2026,1991,Q3,1238758000,1081182000,1058238000,0,727581000,3853766000,3346904000,1930423000,64520000,273054000,5374140000,7450612000,2618924000,932721000,0,1119345000,5776581000,415075000,3703181000,0,0,0,0,KO_BAL-SH_QRT.xlsx,KO_BAL-SH_QRT-002,3/7/2026 20:00
KO,3/7/2026,1991,Q2,986325000,971686000,982313000,0,613415000,3809884000,3294705000,1852657000,54874000,442091000,5355012000,7197546000,2921137000,937431000,0,1978751000,6318271000,414883000,3624046000,0,0,0,0,KO_BAL-SH_QRT.xlsx,KO_BAL-SH_QRT-002,3/7/2026 20:00
KO,3/7/2026,1991,Q1,786376000,913541000,920185000,0,815239000,3603500000,3061606000,2113165000,55706000,477586000,5114728000,7330536000,2738345000,909465000,399085000,2158378000,5817778000,414492000,0,0,0,0,0,KO_BAL-SH_QRT.xlsx,KO_BAL-SH_QRT-002,3/7/2026 20:00
KO,3/7/2026,1990,Q4,1492124000,983216000,995840000,0,812304000,3670573000,2976597000,1956235000,56546000,293055000,5013830000,7066690000,4083379000,895410000,323273000,2141972000,3969149000,0,0,0,0,0,0,KO_BAL-SH_QRT.xlsx,KO_BAL-SH_QRT-002,3/7/2026 20:00
KO,3/7/2026,1990,Q3,1302719000,1136906000,902144000,0,471245000,3736853000,2920108000,1911973000,47350000,305100000,4932268000,8605546000,3797830000,1398361000,350169000,2000136000,0,0,0,0,0,0,0,KO_BAL-SH_QRT.xlsx,KO_BAL-SH_QRT-002,3/7/2026 20:00
KO,3/7/2026,1990,Q2,1107605000,856631000,789077000,0,590057000,3306907000,2908907000,2011282000,72543000,0,5265460000,9288588000,4159893000,1014238000,354054000,0,0,0,0,0,0,0,0,KO_BAL-SH_QRT.xlsx,KO_BAL-SH_QRT-002,3/7/2026 20:00
KO,3/7/2026,1990,Q1,1235870000,820428000,833006000,0,429670000,3245432000,2763040000,1910417000,73152000,289000000,5884563000,9799451000,3675806000,907676000,0,0,0,0,0,0,0,0,0,KO_BAL-SH_QRT.xlsx,KO_BAL-SH_QRT-002,3/7/2026 20:00
KO,3/7/2026,1989,Q4,1181691000,775849000,902334000,0,608178000,3189077000,2725770000,2189610000,74155000,363620000,6041664000,9137414000,2244919000,0,0,0,0,0,0,0,0,0,0,KO_BAL-SH_QRT.xlsx,KO_BAL-SH_QRT-002,3/7/2026 20:00
KO,3/7/2026,1989,Q3,1590473000,821457000,878863000,0,428285000,3407408000,2669506000,2258545000,524376000,0,5814075000,7484128000,0,0,0,0,0,0,0,0,0,0,0,KO_BAL-SH_QRT.xlsx,KO_BAL-SH_QRT-002,3/7/2026 20:00
KO,3/7/2026,1989,Q2,1423005000,797495000,778816000,0,443943000,3198754000,2643761000,2400277000,597581000,363791000,5342529000,0,0,0,0,0,0,0,0,0,0,0,0,KO_BAL-SH_QRT.xlsx,KO_BAL-SH_QRT-002,3/7/2026 20:00
KO,3/7/2026,1989,Q1,1200879000,627248000,769376000,0,448933000,4231921000,2596290000,2660565000,1458256000,1114803000,0,0,0,0,0,0,0,0,0,0,0,0,0,KO_BAL-SH_QRT.xlsx,KO_BAL-SH_QRT-002,3/7/2026 20:00
KO,3/7/2026,1988,Q4,1231190000,693364000,880541000,0,1219037000,4418881000,2783518000,1189604000,659053000,0,0,0,0,0,0,0,0,0,0,0,0,0,0,KO_BAL-SH_QRT.xlsx,KO_BAL-SH_QRT-002,3/7/2026 20:00
KO,3/7/2026,1988,Q3,1298052000,800012000,873796000,0,668099000,4817820000,2802424000,1096442000,0,0,0,0,0,0,0,0,0,0,0,0,0,0,0,KO_BAL-SH_QRT.xlsx,KO_BAL-SH_QRT-002,3/7/2026 20:00
KO,3/7/2026,1988,Q2,1282912000,663273000,776740000,0,904323000,4380721000,2472232000,0,0,0,0,0,0,0,0,0,0,0,0,0,0,0,0,KO_BAL-SH_QRT.xlsx,KO_BAL-SH_QRT-002,3/7/2026 20:00
KO,3/7/2026,1988,Q1,1212752000,672160000,966588000,0,885033000,3169268000,0,0,0,0,0,0,0,0,0,0,0,0,0,0,0,0,0,KO_BAL-SH_QRT.xlsx,KO_BAL-SH_QRT-002,3/7/2026 20:00
KO,3/7/2026,1987,Q4,1489106000,1157633000,1038965000,0,837512000,0,0,0,0,0,0,0,0,0,0,0,0,0,0,0,0,0,0,KO_BAL-SH_QRT.xlsx,KO_BAL-SH_QRT-002,3/7/2026 20:00
KO,3/7/2026,1987,Q3,1626561000,1252539000,973312000,0,0,0,0,0,0,0,0,0,0,0,0,0,0,0,0,0,0,0,0,KO_BAL-SH_QRT.xlsx,KO_BAL-SH_QRT-002,3/7/2026 20:00
KO,3/7/2026,1987,Q2,1621993000,1024239000,695437000,0,0,0,0,0,0,0,0,0,0,0,0,0,0,0,0,0,0,0,0,KO_BAL-SH_QRT.xlsx,KO_BAL-SH_QRT-002,3/7/2026 20:00
KO,3/7/2026,1987,Q1,1498137000,672568000,0,0,0,0,0,0,0,0,0,0,0,0,0,0,0,0,0,0,0,0,0,KO_BAL-SH_QRT.xlsx,KO_BAL-SH_QRT-002,3/7/2026 20:00
KO,3/7/2026,1986,Q4,868633100,0,0,0,0,0,0,0,0,0,0,0,0,0,0,0,0,0,0,0,0,0,0,KO_BAL-SH_QRT.xlsx,KO_BAL-SH_QRT-002,3/7/2026 20:00
